<?xml version="1.0" encoding="utf-8" standalone="no"?>
<manifest identifier="00" version="1" xmlns:adlcp="http://www.adlnet.org/xsd/adlcp_rootv1p2" xmlns="http://www.imsproject.org/xsd/imscp_rootv1p1p2" xmlns:xsi="http://www.w3.org/2001/XMLSchema-instance" xsi:schemaLocation="http://www.imsproject.org/xsd/imscp_rootv1p1p2 imscp_rootv1p1p2.xsd http://www.imsglobal.org/xsd/imsmd_rootv1p2p1 imsmd_rootv1p2p1.xsd http://www.adlnet.org/xsd/adlcp_rootv1p2 adlcp_rootv1p2.xsd">
  <metadata>
    <schema>ADL SCORM</schema>
    <schemaversion>1.2</schemaversion>
    <adlcp:location>metadata.xml</adlcp:location>
  </metadata>
  <organizations default="Κωνσταντίνος_Κεχαγιάς">
    <organization identifier="Κωνσταντίνος_Κεχαγιάς">
      <title>Οργανίδια του Κυττάρου</title>
      <item identifier="item_00" identifierref="resource_00">
        <title>Οργανίδια του Κυττάρου</title>
        <adlcp:masteryscore>70</adlcp:masteryscore>
        <metadata>
          <schema>ADL SCORM</schema>
          <schemaversion>1.2</schemaversion>
          <adlcp:location>metadata.xml</adlcp:location>
        </metadata>
      </item>
      <metadata>
        <schema>ADL SCORM</schema>
        <schemaversion>1.2</schemaversion>
        <adlcp:location>metadata.xml</adlcp:location>
      </metadata>
    </organization>
  </organizations>
  <resources>
    <metadata>
      <schema>ADL SCORM</schema>
      <schemaversion>1.2</schemaversion>
      <adlcp:location>metadata.xml</adlcp:location>
    </metadata>
    <resource identifier="resource_00" type="webcontent" href="index.html" adlcp:scormtype="sco">
      <metadata>
        <schema>ADL SCORM</schema>
        <schemaversion>1.2</schemaversion>
        <adlcp:location>metadata.xml</adlcp:location>
      </metadata>
      <file href="SCORM_API_wrapper.js"/>
      <file href="audios/audio-0RW6IaLu.mp3"/>
      <file href="audios/audio-CyAs0Ndh.mp3"/>
      <file href="audios/audio-DxvZGjoi.mp3"/>
      <file href="audios/audio-LwVRoxjn.mp3"/>
      <file href="audios/audio-RUepyrPt.mp3"/>
      <file href="audios/audio-XWBhDhch.mp3"/>
      <file href="audios/audio-XrBuUeIf.mp3"/>
      <file href="audios/audio-XvtLymBj.mp3"/>
      <file href="audios/audio-eoZXl1G5.mp3"/>
      <file href="audios/audio-iGnbgtay.mp3"/>
      <file href="audios/audio-l31t73EK.mp3"/>
      <file href="audios/audio-lm4rnSmZ.mp3"/>
      <file href="audios/audio-vs3HsIxE.mp3"/>
      <file href="audios/audio-xdno96nX.mp3"/>
      <file href="audios/audio-yZsUIZdl.mp3"/>
      <file href="h5p-adaptor.js"/>
      <file href="images/image-CRBADFAa.jpg"/>
      <file href="images/image-NKCJRY9u.jpg"/>
      <file href="images/image-Ua2u18CC.png"/>
      <file href="images/image-UkTL51sK.png"/>
      <file href="images/image-ZhVG01bY.jpg"/>
      <file href="images/image-bNhatHr6.png"/>
      <file href="images/image-fnUGNccT.jpg"/>
      <file href="images/image-l6ilnjGn.jpg"/>
      <file href="images/image-tLUkohMt.jpg"/>
      <file href="images/image-troaKIBb.jpg"/>
      <file href="index.html"/>
    </resource>
  </resources>
</manifest>